scheme_code,date,nav
100033,04-01-2021,507.06
100033,05-01-2021,514.69
100033,06-01-2021,512.63
100033,07-01-2021,514.84
100033,08-01-2021,522.28
100033,11-01-2021,524.68
100033,12-01-2021,525.04
100033,13-01-2021,523.92
100033,14-01-2021,522.52
100033,15-01-2021,515.97
100033,18-01-2021,505.65
100033,19-01-2021,514.55
100033,20-01-2021,520.04
100033,21-01-2021,520.15
100033,22-01-2021,512.64
100033,25-01-2021,507.14
100033,27-01-2021,499.76
100033,28-01-2021,496.9
100033,29-01-2021,492.54
100033,01-02-2021,508.52
100033,02-02-2021,521.38
100033,03-02-2021,528.89
100033,04-02-2021,533.39
100033,05-02-2021,533.31
100033,08-02-2021,541.83
100033,09-02-2021,540.95
100033,10-02-2021,542.82
100033,11-02-2021,547.92
100033,12-02-2021,551.34
100033,15-02-2021,557.48
100033,16-02-2021,554.66
100033,17-02-2021,553.47
100033,18-02-2021,552.7
100033,19-02-2021,546.05
100033,22-02-2021,537.87
100033,23-02-2021,540.34
100033,24-02-2021,545.62
100033,25-02-2021,549.01
100033,26-02-2021,537.35
100033,01-03-2021,543.78
100033,02-03-2021,550.77
100033,03-03-2021,561.18
100033,04-03-2021,560.01
100033,05-03-2021,551.67
100033,08-03-2021,553.17
100033,09-03-2021,555.81
100033,10-03-2021,561.16
100033,12-03-2021,556.68
100033,15-03-2021,554.75
100033,16-03-2021,554.96
100033,17-03-2021,544.35
100033,18-03-2021,534.37
100033,19-03-2021,538.81
100033,22-03-2021,538.58
100033,23-03-2021,542.76
100033,24-03-2021,532.63
100033,25-03-2021,524.82
100033,26-03-2021,531.43
100033,30-03-2021,541.83
100033,31-03-2021,541.17
100033,01-04-2021,548.6
100033,05-04-2021,539.96
100033,06-04-2021,542.23
100033,07-04-2021,552.8
100033,08-04-2021,557.67
100033,09-04-2021,556.74
100033,12-04-2021,534.38
100033,13-04-2021,537.22
100033,15-04-2021,536.19
100033,16-04-2021,540.61
100033,19-04-2021,534.19
100033,20-04-2021,535.78
100033,22-04-2021,537.38
100033,23-04-2021,537.1
100033,26-04-2021,544.3
100033,27-04-2021,551.18
100033,28-04-2021,558.03
100033,29-04-2021,557.76
100033,30-04-2021,552.78
100033,03-05-2021,552.49
100033,04-05-2021,547.55
100033,05-05-2021,553.55
100033,06-05-2021,555.81
100033,07-05-2021,552.21
100033,10-05-2021,554.01
100033,11-05-2021,552.26
100033,12-05-2021,547.4
100033,14-05-2021,542.34
100033,17-05-2021,550.9
100033,18-05-2021,560.32
100033,19-05-2021,560.04
100033,20-05-2021,557.98
100033,21-05-2021,563.76
100033,24-05-2021,566.79
100033,25-05-2021,565.99
100033,26-05-2021,570.17
100033,27-05-2021,572.7
100033,28-05-2021,571.71
100033,31-05-2021,575.9
100033,01-06-2021,575.53
100033,02-06-2021,578.83
100033,03-06-2021,585.44
100033,04-06-2021,584.55
100033,07-06-2021,587.26
100033,08-06-2021,590.16
100033,09-06-2021,585.11
100033,10-06-2021,593.75
100033,11-06-2021,595.84
100033,14-06-2021,595.29
100033,15-06-2021,600.62
100033,16-06-2021,597.3
100033,17-06-2021,593.9
100033,18-06-2021,591.39
100033,21-06-2021,591.5
100033,22-06-2021,590.72
100033,23-06-2021,589.19
100033,24-06-2021,592.67
100033,25-06-2021,596.59
100033,28-06-2021,598.61
100033,29-06-2021,596.08
100033,30-06-2021,596.51
100033,01-07-2021,596.57
100033,02-07-2021,602.83
100033,05-07-2021,607.63
100033,06-07-2021,607.3
100033,07-07-2021,608.59
100033,08-07-2021,604.74
100033,09-07-2021,606.04
100033,12-07-2021,608.06
100033,13-07-2021,609.26
100033,14-07-2021,613.25
100033,15-07-2021,618.03
100033,16-07-2021,617.4
100033,19-07-2021,614.02
100033,20-07-2021,608.96
100033,22-07-2021,616.47
100033,23-07-2021,616.88
100033,26-07-2021,615.76
100033,27-07-2021,610.86
100033,28-07-2021,609.03
100033,29-07-2021,618.18
100033,30-07-2021,622.17
100033,02-08-2021,629.27
100033,03-08-2021,633.32
100033,04-08-2021,632.47
100033,05-08-2021,630.4
100033,06-08-2021,627.69
100033,09-08-2021,627.53
100033,10-08-2021,625.04
100033,11-08-2021,622.27
100033,12-08-2021,626.75
100033,13-08-2021,628.35
100033,16-08-2021,626.66
100033,17-08-2021,631.06
100033,18-08-2021,632.72
100033,20-08-2021,624.5
100033,23-08-2021,622.39
100033,24-08-2021,627.93
100033,25-08-2021,630.38
100033,26-08-2021,632.12
100033,27-08-2021,638.26
100033,30-08-2021,647.76
100033,31-08-2021,656.01
100033,01-09-2021,657.56
100033,02-09-2021,664.01
100033,03-09-2021,667.33
100033,06-09-2021,670.24
100033,07-09-2021,669.67
100033,08-09-2021,672.27
100033,09-09-2021,674.19
100033,13-09-2021,676.94
100033,14-09-2021,680.69
100033,15-09-2021,686.68
100033,16-09-2021,691.79
100033,17-09-2021,686.09
100033,20-09-2021,674.16
100033,21-09-2021,680.42
100033,22-09-2021,683.45
100033,23-09-2021,692.54
100033,24-09-2021,690.92
100033,27-09-2021,686.51
100033,28-09-2021,676.74
100033,29-09-2021,677.71
100033,30-09-2021,678.48
100033,01-10-2021,676.87
100033,04-10-2021,687.78
100033,05-10-2021,692.6
100033,06-10-2021,686.54
100033,07-10-2021,699.52
100033,08-10-2021,705.55
100033,11-10-2021,706.39
100033,12-10-2021,706.68
100033,13-10-2021,712.95
100033,14-10-2021,719.81
100033,18-10-2021,724.17
100033,19-10-2021,719.21
100033,20-10-2021,705.52
100033,21-10-2021,700.22
100033,22-10-2021,693.67
100033,25-10-2021,686.25
100033,26-10-2021,696.87
100033,27-10-2021,695.32
100033,28-10-2021,689.06
100033,29-10-2021,687.59
100033,01-11-2021,698.45
100033,02-11-2021,696.34
100033,03-11-2021,692.72
100033,08-11-2021,702.36
100033,09-11-2021,705.7
100033,10-11-2021,704.13
100033,11-11-2021,701.29
100033,12-11-2021,709.68
100033,15-11-2021,712.09
100033,16-11-2021,710.06
100033,17-11-2021,712.11
100033,18-11-2021,700.26
100033,22-11-2021,677.78
100033,23-11-2021,685.81
100033,24-11-2021,684.35
100033,25-11-2021,688.35
100033,26-11-2021,666.97
100033,29-11-2021,665.85
100033,30-11-2021,669.3
100033,01-12-2021,674.96
100033,02-12-2021,681.06
100033,03-12-2021,676.27
100033,06-12-2021,663.97
100033,07-12-2021,673.34
100033,08-12-2021,684.58
100033,09-12-2021,686.05
100033,10-12-2021,686.17
100033,13-12-2021,685.63
100033,14-12-2021,683.69
100033,15-12-2021,679.04
100033,16-12-2021,680.86
100033,17-12-2021,671.21
100033,20-12-2021,648.18
100033,21-12-2021,658.74
100033,22-12-2021,670.75
100033,23-12-2021,676.26
100033,24-12-2021,674.45
100033,27-12-2021,676.48
100033,28-12-2021,683.21
100033,29-12-2021,681.41
100033,30-12-2021,683.67
100033,31-12-2021,692.22
100033,03-01-2022,704.19
100033,04-01-2022,708.28
100033,05-01-2022,708.23
100033,06-01-2022,705.42
100033,07-01-2022,711.38
100033,10-01-2022,715
100033,11-01-2022,716.98
100033,12-01-2022,724.37
100033,13-01-2022,725.84
100033,14-01-2022,725.22
100033,17-01-2022,726.83
100033,18-01-2022,713.16
100033,19-01-2022,704.14
100033,20-01-2022,700.85
100033,21-01-2022,684.96
100033,24-01-2022,659.12
100033,25-01-2022,665.47
100033,27-01-2022,652.5
100033,28-01-2022,657.12
100033,31-01-2022,669.55
100033,01-02-2022,676.14
100033,02-02-2022,684.3
100033,03-02-2022,676.19
100033,04-02-2022,675.83
100033,07-02-2022,668.1
100033,08-02-2022,667.32
100033,09-02-2022,676.32
100033,10-02-2022,677.97
100033,11-02-2022,661.98
100033,14-02-2022,639.42
100033,15-02-2022,659.83
100033,16-02-2022,655.57
100033,17-02-2022,652.3
100033,18-02-2022,647.55
100033,21-02-2022,644.11
100033,22-02-2022,640.23
100033,23-02-2022,640.53
100033,24-02-2022,608.44
100033,25-02-2022,629.37
100033,28-02-2022,634.56
100033,02-03-2022,627.35
100033,03-03-2022,621.77
100033,04-03-2022,610.56
100033,07-03-2022,594.04
100033,08-03-2022,601.01
100033,09-03-2022,611.32
100033,10-03-2022,618.79
100033,11-03-2022,620.65
100033,14-03-2022,624.83
100033,15-03-2022,618.44
100033,16-03-2022,630.24
100033,17-03-2022,638.31
100033,21-03-2022,633.88
100033,22-03-2022,637.58
100033,23-03-2022,637.6
100033,24-03-2022,637.68
100033,25-03-2022,634.4
100033,28-03-2022,632.83
100033,29-03-2022,637.51
100033,30-03-2022,646.76
100033,31-03-2022,644.07
100033,01-04-2022,648.11
100033,04-04-2022,657.41
100033,05-04-2022,662.11
100033,06-04-2022,658.71
100033,07-04-2022,655.12
100033,08-04-2022,661.09
100033,11-04-2022,658.72
100033,12-04-2022,650.33
100033,13-04-2022,650.22
100033,18-04-2022,641.09
100033,19-04-2022,634.87
100033,20-04-2022,634.37
100033,21-04-2022,641.75
100033,22-04-2022,633.2
100033,25-04-2022,622.92
100033,26-04-2022,628.9
100033,27-04-2022,621.02
100033,28-04-2022,626.96
100033,29-04-2022,620.54
100033,02-05-2022,616.21
100033,04-05-2022,600.3
100033,05-05-2022,601.3
100033,06-05-2022,585.62
100033,09-05-2022,576.91
100033,10-05-2022,566.47
100033,11-05-2022,564.8
100033,12-05-2022,555.4
100033,13-05-2022,554.35
100033,16-05-2022,556.16
100033,17-05-2022,570.8
100033,18-05-2022,571.25
100033,19-05-2022,555.04
100033,20-05-2022,567.91
100033,23-05-2022,563.45
100033,24-05-2022,558.18
100033,25-05-2022,548.58
100033,26-05-2022,553.36
100033,27-05-2022,561.62
100033,30-05-2022,575.23
100033,31-05-2022,572.34
100033,01-06-2022,570.55
100033,02-06-2022,573.86
100033,03-06-2022,568.29
100033,06-06-2022,564.96
100033,07-06-2022,559.1
100033,08-06-2022,555.65
100033,09-06-2022,559.61
100033,10-06-2022,552.61
100033,13-06-2022,537.27
100033,14-06-2022,536.3
100033,15-06-2022,538.2
100033,16-06-2022,526.67
100033,17-06-2022,524.31
100033,20-06-2022,523.09
100033,21-06-2022,533.44
100033,22-06-2022,525.77
100033,23-06-2022,531.93
100033,24-06-2022,538.22
100033,27-06-2022,543.47
100033,28-06-2022,543.71
100033,29-06-2022,540.89
100033,30-06-2022,540.32
100033,01-07-2022,538.72
100033,04-07-2022,542.9
100033,05-07-2022,541.44
100033,06-07-2022,549.53
100033,07-07-2022,554.54
100033,08-07-2022,557.12
100033,11-07-2022,558.67
100033,12-07-2022,554.05
100033,13-07-2022,555.73
100033,14-07-2022,552.17
100033,15-07-2022,555.25
100033,18-07-2022,564.35
100033,19-07-2022,566.67
100033,20-07-2022,570.82
100033,21-07-2022,576.53
100033,22-07-2022,579.18
100033,25-07-2022,578.45
100033,26-07-2022,571.23
100033,27-07-2022,576.7
100033,28-07-2022,584.32
100033,29-07-2022,593.52
100033,01-08-2022,600.42
100033,02-08-2022,599.56
100033,03-08-2022,600.14
100033,04-08-2022,600.91
100033,05-08-2022,602.03
100033,08-08-2022,604.57
100033,10-08-2022,604.2
100033,11-08-2022,610.56
100033,12-08-2022,612.71
100033,16-08-2022,617.02
100033,17-08-2022,621.49
100033,18-08-2022,621.89
100033,19-08-2022,614.61
100033,22-08-2022,603.85
100033,23-08-2022,606.68
100033,24-08-2022,608.33
100033,25-08-2022,608.25
100033,26-08-2022,609.75
100033,29-08-2022,601.93
100033,30-08-2022,616.07
100033,01-09-2022,614.95
100033,02-09-2022,613.06
100033,05-09-2022,614.24
100033,06-09-2022,614.44
100033,07-09-2022,615.67
100033,08-09-2022,621.36
100033,09-09-2022,623.46
100033,12-09-2022,630.68
100033,13-09-2022,634.74
100033,14-09-2022,631.97
100033,15-09-2022,630.33
100033,16-09-2022,615.48
100033,19-09-2022,614.68
100033,20-09-2022,622.45
100033,21-09-2022,618.99
100033,22-09-2022,618.2
100033,23-09-2022,607.03
100033,26-09-2022,594.93
100033,27-09-2022,596.33
100033,28-09-2022,592.15
100033,29-09-2022,592.26
100033,30-09-2022,600.36
100033,03-10-2022,592.28
100033,04-10-2022,604.73
100033,06-10-2022,609.84
100033,07-10-2022,607.61
100033,10-10-2022,604.16
100033,11-10-2022,594.8
100033,12-10-2022,598.63
100033,13-10-2022,594.04
100033,14-10-2022,597.12
100033,17-10-2022,601.24
100033,18-10-2022,606.97
100033,19-10-2022,607.94
100033,20-10-2022,607.7
100033,21-10-2022,608.1
100033,25-10-2022,612.99
100033,27-10-2022,613.27
100033,28-10-2022,608.5
100033,31-10-2022,615.87
100033,01-11-2022,621.19
100033,02-11-2022,619.71
100033,03-11-2022,619
100033,04-11-2022,618.09
100033,07-11-2022,619.79
100033,09-11-2022,616.37
100033,10-11-2022,610.42
100033,11-11-2022,616.91
100033,14-11-2022,616.93
100033,15-11-2022,618.67
100033,16-11-2022,615.03
100033,17-11-2022,613.13
100033,18-11-2022,611.7
100033,21-11-2022,608.88
100033,22-11-2022,609.54
100033,23-11-2022,611.3
100033,24-11-2022,616.79
100033,25-11-2022,618.03
100033,28-11-2022,620.97
100033,29-11-2022,620.7
100033,30-11-2022,623.01
100033,01-12-2022,627.93
100033,02-12-2022,629.3
100033,05-12-2022,628.32
100033,06-12-2022,623.84
100033,07-12-2022,620.62
100033,08-12-2022,622.55
100033,09-12-2022,618.59
100033,12-12-2022,618.38
100033,13-12-2022,620.47
100033,14-12-2022,624.09
100033,15-12-2022,616.73
100033,16-12-2022,609.5
100033,19-12-2022,612.31
100033,20-12-2022,611.9
100033,21-12-2022,605.02
100033,22-12-2022,602.5
100033,23-12-2022,587.45
100033,26-12-2022,598
100033,27-12-2022,602.28
100033,28-12-2022,602.15
100033,29-12-2022,603.24
100033,30-12-2022,602.36
100033,02-01-2023,603.95
100033,03-01-2023,605.26
100033,04-01-2023,599.44
100033,05-01-2023,596.8
100033,06-01-2023,592.87
100033,09-01-2023,597.19
100033,10-01-2023,593.57
100033,11-01-2023,591.87
100033,12-01-2023,590.13
100033,13-01-2023,590.46
100033,16-01-2023,587.69
100033,17-01-2023,588.86
100033,18-01-2023,591.27
100033,19-01-2023,589.8
100033,20-01-2023,586.5
100033,23-01-2023,588.01
100033,24-01-2023,587.36
100033,25-01-2023,579.93
100033,27-01-2023,571
100033,30-01-2023,573.14
100033,31-01-2023,577.78
100033,01-02-2023,576.33
100033,02-02-2023,579.05
100033,03-02-2023,580.58
100033,06-02-2023,582.46
100033,07-02-2023,582.16
100033,08-02-2023,589.34
100033,09-02-2023,590.59
100033,10-02-2023,592.05
100033,13-02-2023,585.9
100033,14-02-2023,587.14
100033,15-02-2023,590.58
100033,16-02-2023,596.17
100033,17-02-2023,592.54
100033,20-02-2023,592.18
100033,21-02-2023,591.01
100033,22-02-2023,583.38
100033,23-02-2023,582.91
100033,24-02-2023,581.4
100033,27-02-2023,576.85
100033,28-02-2023,576.82
100033,01-03-2023,582.34
100033,02-03-2023,579.55
100033,03-03-2023,585
100033,06-03-2023,588.21
100033,08-03-2023,587.24
100033,09-03-2023,583.33
100033,10-03-2023,576.7
100033,13-03-2023,566.52
100033,14-03-2023,564.85
100033,15-03-2023,563.85
100033,16-03-2023,562.8
100033,17-03-2023,566.6
100033,20-03-2023,561.77
100033,21-03-2023,566.22
100033,22-03-2023,568.11
100033,23-03-2023,565.67
100033,24-03-2023,561.89
100033,27-03-2023,560.83
100033,28-03-2023,559.95
100033,29-03-2023,565.93
100033,31-03-2023,575.61
100033,03-04-2023,575.66
100033,05-04-2023,578.36
100033,06-04-2023,578.72
100033,10-04-2023,579.03
100033,11-04-2023,581.67
100033,12-04-2023,585.2
100033,13-04-2023,586.24
100033,17-04-2023,584.93
100033,18-04-2023,585.89
100033,19-04-2023,584.57
100033,20-04-2023,584.03
100033,21-04-2023,581.7
100033,24-04-2023,584.91
100033,25-04-2023,586.21
100033,26-04-2023,587.92
100033,27-04-2023,591.59
100033,28-04-2023,596.84
100033,02-05-2023,600.9
100033,03-05-2023,600.85
100033,04-05-2023,606.56
100033,05-05-2023,603.63
100033,08-05-2023,609.63
100033,09-05-2023,609.79
100033,10-05-2023,609.98
100033,11-05-2023,611.38
100033,12-05-2023,612.54
100033,15-05-2023,615.14
100033,16-05-2023,615.96
100033,17-05-2023,613.92
100033,18-05-2023,612.47
100033,19-05-2023,613.49
100033,22-05-2023,615.12
100033,23-05-2023,615.62
100033,24-05-2023,614.68
100033,25-05-2023,616.21
100033,26-05-2023,621.01
100033,29-05-2023,623.31
100033,30-05-2023,624.95
100033,31-05-2023,626.72
100033,01-06-2023,625.71
100033,02-06-2023,629.25
100033,05-06-2023,632.48
100033,06-06-2023,632.88
100033,07-06-2023,637.65
100033,08-06-2023,633.96
100033,09-06-2023,633.37
100033,12-06-2023,634.48
100033,13-06-2023,639.75
100033,14-06-2023,640.7
100033,15-06-2023,640.16
100033,16-06-2023,647.27
100033,19-06-2023,646.1
100033,20-06-2023,648.65
100033,21-06-2023,649.71
100033,22-06-2023,644.45
100033,23-06-2023,638.02
100033,26-06-2023,640.54
100033,27-06-2023,644.09
100033,28-06-2023,648.11
100033,30-06-2023,653.84
100033,03-07-2023,655.07
100033,04-07-2023,654.76
100033,05-07-2023,655.93
100033,06-07-2023,658.2
100033,07-07-2023,654.72
100033,10-07-2023,653.71
100033,11-07-2023,658.61
100033,12-07-2023,659.63
100033,13-07-2023,659.86
100033,14-07-2023,665.09
100033,17-07-2023,669.15
100033,18-07-2023,669.87
100033,19-07-2023,673.46
100033,20-07-2023,675.18
100033,21-07-2023,670.39
100033,24-07-2023,669.14
100033,25-07-2023,671.95
100033,26-07-2023,672.77
100033,27-07-2023,671.08
100033,28-07-2023,672.57
100033,31-07-2023,678.85
100033,01-08-2023,679.92
100033,02-08-2023,671.43
100033,03-08-2023,668.38
100033,04-08-2023,672.8
100033,07-08-2023,675.56
100033,08-08-2023,677.87
100033,09-08-2023,681.91
100033,10-08-2023,679.59
100033,11-08-2023,677.93
100033,14-08-2023,675.26
100033,16-08-2023,675.57
100033,17-08-2023,675.63
100033,18-08-2023,673.01
100033,21-08-2023,676.49
100033,22-08-2023,681.49
100033,23-08-2023,684.71
100033,24-08-2023,686.14
100033,25-08-2023,681.54
100033,28-08-2023,683.45
100033,29-08-2023,686.53
100033,30-08-2023,690.59
100033,31-08-2023,691.88
100033,01-09-2023,697.01
100033,04-09-2023,699.95
100033,05-09-2023,705.24
100033,06-09-2023,705.84
100033,07-09-2023,707.32
100033,08-09-2023,711.18
100033,11-09-2023,716.61
100033,12-09-2023,701.36
100033,13-09-2023,702.91
100033,14-09-2023,708.09
100033,15-09-2023,710.34
100033,18-09-2023,707.59
100033,20-09-2023,702.78
100033,21-09-2023,694.8
100033,22-09-2023,692.4
100033,25-09-2023,693.35
100033,26-09-2023,694.32
100033,27-09-2023,698.24
100033,29-09-2023,695.32
100033,03-10-2023,696.69
100033,04-10-2023,689.69
100033,05-10-2023,691.94
100033,06-10-2023,697.21
100033,09-10-2023,688.34
100033,10-10-2023,695.07
100033,11-10-2023,699.23
100033,12-10-2023,700.5
100033,13-10-2023,699.49
100033,16-10-2023,700.28
100033,17-10-2023,702.03
100033,18-10-2023,696.47
100033,19-10-2023,695.4
100033,20-10-2023,690.08
100033,23-10-2023,675.44
100033,25-10-2023,670.63
100033,26-10-2023,662.23
100033,27-10-2023,671.4
100033,30-10-2023,671.16
100033,31-10-2023,668.89
100033,01-11-2023,666.58
100033,02-11-2023,673.24
100033,03-11-2023,678.25
100033,06-11-2023,686.37
100033,07-11-2023,688.85
100033,08-11-2023,690.84
100033,09-11-2023,689.13
100033,10-11-2023,690.44
100033,13-11-2023,693.19
100033,15-11-2023,699.58
100033,16-11-2023,703.28
100033,17-11-2023,703.08
100033,20-11-2023,702.75
100033,21-11-2023,705.67
100033,22-11-2023,705.02
100033,23-11-2023,706.77
100033,24-11-2023,707.46
100033,28-11-2023,709.53
100033,29-11-2023,715.96
100033,30-11-2023,720.29
100033,01-12-2023,724.99
100033,04-12-2023,735.33
100033,05-12-2023,737.71
100033,06-12-2023,740.36
100033,07-12-2023,740.33
100033,08-12-2023,740.36
100033,11-12-2023,744.84
100033,12-12-2023,742.21
100033,13-12-2023,747.11
100033,14-12-2023,754.89
100033,15-12-2023,758.4
100033,18-12-2023,759.55
100033,19-12-2023,759.59
100033,20-12-2023,741.07
100033,21-12-2023,747.29
100033,22-12-2023,750.89
100033,26-12-2023,753.34
100033,27-12-2023,757.8
100033,28-12-2023,761.11
100033,29-12-2023,764.56
100033,01-01-2024,765.34
100033,02-01-2024,760.29
100033,03-01-2024,760.25
100033,04-01-2024,768.24
100033,05-01-2024,769.96
100033,08-01-2024,764.6
100033,09-01-2024,765.68
100033,10-01-2024,767.33
100033,11-01-2024,769.04
100033,12-01-2024,774.51
100033,15-01-2024,777.7
100033,16-01-2024,775.25
100033,17-01-2024,763.8
100033,18-01-2024,760.1
100033,19-01-2024,766.48
100033,23-01-2024,750.39
100033,24-01-2024,759.02
100033,25-01-2024,756.58
100033,29-01-2024,765.43
100033,30-01-2024,760.48
100033,31-01-2024,770.2
100033,01-02-2024,765.83
100033,02-02-2024,770.26
100033,05-02-2024,765.21
100033,06-02-2024,770.09
100033,07-02-2024,772.73
100033,08-02-2024,767.16
100033,09-02-2024,765.19
100033,12-02-2024,752.52
100033,13-02-2024,756.87
100033,14-02-2024,761.72
100033,15-02-2024,767.86
100033,16-02-2024,773.14
100033,19-02-2024,774.96
100033,20-02-2024,775.38
100033,21-02-2024,771.35
100033,22-02-2024,776.74
100033,23-02-2024,780.79
100033,26-02-2024,778.22
100033,27-02-2024,779.22
100033,28-02-2024,769.18
100033,29-02-2024,772.28
100033,01-03-2024,780.47
100033,04-03-2024,782.66
100033,05-03-2024,780.78
100033,06-03-2024,777.6
100033,07-03-2024,780.49
100033,11-03-2024,778.21
100033,12-03-2024,771.74
100033,13-03-2024,747.26
100033,14-03-2024,756.62
100033,15-03-2024,752.79
100033,18-03-2024,753.79
100033,19-03-2024,746.94
100033,20-03-2024,747.76
100033,21-03-2024,760.99
100033,22-03-2024,764.32
100033,26-03-2024,768.36
100033,27-03-2024,772.01
100033,28-03-2024,777.68
100033,31-03-2024,777.57
100033,01-04-2024,788.46
100033,02-04-2024,792.49
100033,03-04-2024,793.91
100033,04-04-2024,794.72
100033,05-04-2024,796.98
100033,08-04-2024,801.22
100033,09-04-2024,798.82
100033,10-04-2024,804.86
100033,12-04-2024,799.89
100033,15-04-2024,790.81
100033,16-04-2024,788.82
100033,18-04-2024,786.07
100033,19-04-2024,788.33
100033,22-04-2024,795.16
100033,23-04-2024,797.93
100033,24-04-2024,802.55
100033,25-04-2024,807.49
100033,26-04-2024,807.16
100033,29-04-2024,812.82
100033,30-04-2024,815.99
100033,02-05-2024,820.41
100033,03-05-2024,816.53
100033,06-05-2024,810.89
100033,07-05-2024,800.12
100033,08-05-2024,805.55
100033,09-05-2024,792.35
100033,10-05-2024,795.51
100033,13-05-2024,795.81
100033,14-05-2024,802.54
100033,15-05-2024,806.51
100033,16-05-2024,815.62
100033,17-05-2024,822.66
100033,21-05-2024,827.5
100033,22-05-2024,828.75
100033,23-05-2024,837.31
100033,24-05-2024,839.93
100033,27-05-2024,840.53
100033,28-05-2024,834.82
100033,29-05-2024,832.34
100033,30-05-2024,824.76
100033,31-05-2024,825.77
100033,03-06-2024,854.09
100033,04-06-2024,791.35
100033,05-06-2024,818.04
100033,06-06-2024,833.68
100033,07-06-2024,848.79
100033,10-06-2024,849.99
100033,11-06-2024,853.3
100033,12-06-2024,859.29
100033,13-06-2024,866.24
100033,14-06-2024,875.27
100033,18-06-2024,882.01
100033,19-06-2024,875.05
100033,20-06-2024,878.71
100033,21-06-2024,876.69
100033,24-06-2024,879.79
100033,25-06-2024,883.42
100033,26-06-2024,884.47
100033,27-06-2024,885.71
100033,28-06-2024,885.79
100033,01-07-2024,894.1
100033,02-07-2024,891.48
100033,03-07-2024,897.09
100033,04-07-2024,900.94
100033,05-07-2024,902.05
100033,08-07-2024,901.38
100033,09-07-2024,904.07
100033,10-07-2024,902.33
100033,11-07-2024,904.21
100033,12-07-2024,904.84
100033,15-07-2024,908.55
100033,16-07-2024,909.07
100033,18-07-2024,906.09
100033,19-07-2024,889.42
100033,22-07-2024,896.41
100033,23-07-2024,892.59
100033,24-07-2024,899.58
100033,25-07-2024,899.79
100033,26-07-2024,913.8
100033,29-07-2024,917.88
100033,30-07-2024,921.92
100033,31-07-2024,923.45
100033,01-08-2024,919.1
100033,02-08-2024,909.52
100033,05-08-2024,879.96
100033,06-08-2024,877.83
100033,07-08-2024,892.39
100033,08-08-2024,886.59
100033,09-08-2024,894.08
100033,12-08-2024,897.67
100033,13-08-2024,889.29
100033,14-08-2024,887.92
100033,16-08-2024,902.12
100033,19-08-2024,905.61
100033,20-08-2024,912.25
100033,21-08-2024,918.51
100033,22-08-2024,923.41
100033,23-08-2024,924.92
100033,26-08-2024,929.3
100033,27-08-2024,932.19
100033,28-08-2024,932.12
100033,29-08-2024,927.73
100033,30-08-2024,935.76
100033,02-09-2024,936.49
100033,03-09-2024,937.74
100033,04-09-2024,936.28
100033,05-09-2024,939.89
100033,06-09-2024,927.77
100033,09-09-2024,925.4
100033,10-09-2024,930.82
100033,11-09-2024,925.2
100033,12-09-2024,937.98
100033,13-09-2024,941.69
100033,16-09-2024,941.75
100033,17-09-2024,941.85
100033,18-09-2024,937.3
100033,19-09-2024,938.14
100033,20-09-2024,947.84
100033,23-09-2024,953.62
100033,24-09-2024,956.32
100033,25-09-2024,953.15
100033,26-09-2024,955.45
100033,27-09-2024,960.8
100033,30-09-2024,954.31
100033,01-10-2024,954.54
100033,03-10-2024,934.45
100033,04-10-2024,926.02
100033,07-10-2024,908.36
100033,08-10-2024,921.97
100033,09-10-2024,928.36
100033,10-10-2024,925.31
100033,11-10-2024,925.92
100033,14-10-2024,928.26
100033,15-10-2024,931.58
100033,16-10-2024,930.88
100033,17-10-2024,918.93
100033,18-10-2024,922.26
100033,21-10-2024,910
100033,22-10-2024,892.33
100033,23-10-2024,893.94
100033,24-10-2024,893.9
100033,25-10-2024,877.66
100033,28-10-2024,879.69
100033,29-10-2024,886.99
100033,30-10-2024,885.36
100033,31-10-2024,884.91
100033,04-11-2024,879.38
100033,05-11-2024,881.96
100033,06-11-2024,895.89
100033,07-11-2024,890.24
100033,08-11-2024,880.74
100033,11-11-2024,878.63
100033,12-11-2024,869.67
100033,13-11-2024,851.15
100033,14-11-2024,853.41
100033,18-11-2024,850.39
100033,19-11-2024,854.85
100033,21-11-2024,850.78
100033,22-11-2024,864.02
100033,25-11-2024,878.22
100033,26-11-2024,879.31
100033,27-11-2024,883.86
100033,28-11-2024,880.63
100033,29-11-2024,886.45
100033,02-12-2024,892.55
100033,03-12-2024,902.59
100033,04-12-2024,908.12
100033,05-12-2024,911.01
100033,06-12-2024,913.52
100033,09-12-2024,915.13
100033,10-12-2024,918.81
100033,11-12-2024,920.32
100033,12-12-2024,916.6
100033,13-12-2024,919.86
100033,16-12-2024,920.87
100033,17-12-2024,908.9
100033,18-12-2024,902.18
100033,19-12-2024,895.49
100033,20-12-2024,880.13
100033,23-12-2024,882.2
100033,24-12-2024,884.01
100033,26-12-2024,884.36
100033,27-12-2024,884.66
100033,30-12-2024,881.83
100033,31-12-2024,883.65
100033,01-01-2025,888.52
100033,02-01-2025,901.21
100033,03-01-2025,899.23
100033,06-01-2025,879.72
100033,07-01-2025,884.06
100033,08-01-2025,877.17
100033,09-01-2025,869.19
100033,10-01-2025,854.88
100033,13-01-2025,826.94
100033,14-01-2025,837.86
100033,15-01-2025,841.66
100033,16-01-2025,849.9
100033,17-01-2025,848.32
100033,20-01-2025,851.57
100033,21-01-2025,836.18
100033,22-01-2025,829.25
100033,23-01-2025,837.67
100033,24-01-2025,825.98
100033,27-01-2025,805.15
100033,28-01-2025,807.64
100033,29-01-2025,823.45
100033,30-01-2025,822.09
100033,31-01-2025,832.98
100033,03-02-2025,825.99
100033,04-02-2025,835.87
100033,05-02-2025,837.7
100033,06-02-2025,831.54
100033,07-02-2025,830.84
100033,10-02-2025,819.43
100033,11-02-2025,800.94
100033,12-02-2025,799.75
100033,13-02-2025,801.08
100033,14-02-2025,786.09
100033,17-02-2025,786.6
100033,18-02-2025,784.96
100033,19-02-2025,792.2
100033,20-02-2025,799.07
100033,21-02-2025,794.04
100033,24-02-2025,783.75
100033,25-02-2025,780.64
100033,27-02-2025,777.2
100033,28-02-2025,761.22
100033,03-03-2025,764.4
100033,04-03-2025,768.51
100033,05-03-2025,783.34
100033,06-03-2025,791.51
100033,07-03-2025,789.56
100033,10-03-2025,781.04
100033,11-03-2025,783.3
100033,12-03-2025,780.92
100033,13-03-2025,776.07
100033,17-03-2025,781.09
100033,18-03-2025,796.33
100033,19-03-2025,805.9
100033,20-03-2025,814.43
100033,21-03-2025,823.36
100033,24-03-2025,832.36
100033,25-03-2025,827.02
100033,26-03-2025,822.17
100033,27-03-2025,829.09
100033,28-03-2025,825.7
100033,31-03-2025,825.58
100033,01-04-2025,816.14
100033,02-04-2025,821.73
100033,03-04-2025,820.9
100033,04-04-2025,800.3
100033,07-04-2025,771.63
100033,08-04-2025,787.15
100033,09-04-2025,780.01
100033,11-04-2025,793.23
100033,15-04-2025,816.21
100033,16-04-2025,821.87
100033,17-04-2025,832.51
100033,21-04-2025,845.41
100033,22-04-2025,846.34
100033,23-04-2025,851.12
100033,24-04-2025,850.71
100033,25-04-2025,835.72
100033,28-04-2025,844.68
100033,29-04-2025,848.01
100033,30-04-2025,841.65
100033,02-05-2025,841.09
100033,05-05-2025,851.15
100033,06-05-2025,840.21
100033,07-05-2025,849.19
100033,08-05-2025,840.52
100033,09-05-2025,836.96
100033,12-05-2025,864.45
100033,13-05-2025,860.83
100033,14-05-2025,867.69
100033,15-05-2025,876.98
100033,16-05-2025,880.69
100033,19-05-2025,881.97
100033,20-05-2025,869.43
100033,21-05-2025,877.15
100033,22-05-2025,874.44
100033,23-05-2025,879.09
100033,26-05-2025,884.59
100033,27-05-2025,883.17
100033,28-05-2025,884.99
100033,29-05-2025,887.96
100033,30-05-2025,884.37
100033,02-06-2025,884.98
100033,03-06-2025,882.25
100033,04-06-2025,887.91
100033,05-06-2025,893.93
100033,06-06-2025,903.96
100033,09-06-2025,909.81
100033,10-06-2025,909.31
100033,11-06-2025,909.96
100033,12-06-2025,898.68
100033,13-06-2025,893.23
100033,16-06-2025,899.25
100033,17-06-2025,894.4
100033,18-06-2025,894.69
100033,19-06-2025,884.91
100033,20-06-2025,894.87
100033,23-06-2025,893.43
100033,24-06-2025,899.39
100033,25-06-2025,906.52
100033,26-06-2025,914.98
100033,27-06-2025,919.21
100033,30-06-2025,918.8
100033,01-07-2025,916.02
100033,02-07-2025,913.74
100033,03-07-2025,913.43
100033,04-07-2025,915.17
100033,07-07-2025,911.66
100033,08-07-2025,914.5
100033,09-07-2025,915.08
100033,10-07-2025,912.47
100033,11-07-2025,906.3
100033,14-07-2025,907.56
100033,15-07-2025,913.89
100033,16-07-2025,914.32
100033,17-07-2025,913.28
100033,18-07-2025,907.84
100033,21-07-2025,911.77
100033,22-07-2025,910.11
100033,23-07-2025,914.34
100033,24-07-2025,910.73
100033,25-07-2025,898.4
100033,28-07-2025,891.11
100033,29-07-2025,895.54
100033,30-07-2025,896.98
100033,31-07-2025,891.99
100033,01-08-2025,881.72
100033,04-08-2025,888.53
100033,05-08-2025,887.78
100033,06-08-2025,881.04
100033,07-08-2025,883.19
100033,08-08-2025,874.31
100033,11-08-2025,877.64
100033,12-08-2025,875.81
100033,13-08-2025,882.6
100033,14-08-2025,884.07
100033,18-08-2025,895.25
100033,19-08-2025,901.13
100033,20-08-2025,905.97
100033,21-08-2025,906.98
100033,22-08-2025,900.9
100033,25-08-2025,902.96
100033,26-08-2025,891.03
100033,28-08-2025,883.65
100033,29-08-2025,878.99
100033,01-09-2025,890.7
100033,02-09-2025,891.7
100033,03-09-2025,895.76
100033,04-09-2025,893.12
100033,05-09-2025,891.58
100033,08-09-2025,895.39
100033,09-09-2025,897.21
100033,10-09-2025,901.93
100033,11-09-2025,901.41
100033,12-09-2025,904.44
100033,15-09-2025,908.09
100033,16-09-2025,913.9
100033,17-09-2025,915.69
100033,18-09-2025,918.71
100033,19-09-2025,917.07
100033,22-09-2025,910.64
100033,23-09-2025,911.75
100033,24-09-2025,904.66
100033,25-09-2025,899.46
100033,26-09-2025,885.02
100033,30-09-2025,888.92
100033,01-10-2025,893.42
100033,03-10-2025,897.77
100033,06-10-2025,902.99
100033,07-10-2025,904.31
100033,08-10-2025,899.2
100033,09-10-2025,903.28
100033,10-10-2025,905.99
100033,13-10-2025,903.77
100033,14-10-2025,901.12
100033,15-10-2025,910.75
100033,16-10-2025,917.38
100033,17-10-2025,915.99
100033,20-10-2025,919.05
100033,23-10-2025,920.47
100033,24-10-2025,918.39
100033,27-10-2025,922.7
100033,28-10-2025,922.84
100033,29-10-2025,927.52
100033,30-10-2025,924.19
100033,31-10-2025,919.51
100033,03-11-2025,924.38
100033,04-11-2025,921.02
100033,06-11-2025,913.93
100033,07-11-2025,915.04
100033,10-11-2025,916.89
100033,11-11-2025,917.17
100033,12-11-2025,920.66
100033,13-11-2025,918.47
100033,14-11-2025,917.28
100033,17-11-2025,922.19
100033,18-11-2025,916.11
100033,19-11-2025,919.93
100033,20-11-2025,920.54
100033,21-11-2025,911.89
100033,24-11-2025,907.55
100033,25-11-2025,908.37
100033,26-11-2025,920.72
100033,27-11-2025,920.97
100033,28-11-2025,920.27
100033,01-12-2025,920.06
100033,02-12-2025,917.29
100033,03-12-2025,911.31
100033,04-12-2025,913.23
100033,05-12-2025,915.77
100033,08-12-2025,902.62
100033,09-12-2025,903.14
100033,10-12-2025,900.41
100033,11-12-2025,904.58
100033,12-12-2025,912.14
100033,15-12-2025,912.21
100033,16-12-2025,907.09
100033,17-12-2025,904.93
100033,18-12-2025,905.17
100033,19-12-2025,912.31
100033,22-12-2025,918.23
100033,23-12-2025,917.92
100033,24-12-2025,915.15
100033,26-12-2025,911.73
100033,29-12-2025,909.32
100033,30-12-2025,907.45
100034,04-01-2021,102.06
100034,05-01-2021,103.6
100034,06-01-2021,103.18
100034,07-01-2021,103.63
100034,08-01-2021,105.13
100034,11-01-2021,105.61
100034,12-01-2021,105.68
100034,13-01-2021,105.46
100034,14-01-2021,105.17
100034,15-01-2021,103.85
100034,18-01-2021,101.78
100034,19-01-2021,103.57
100034,20-01-2021,104.67
100034,21-01-2021,104.7
100034,22-01-2021,103.19
100034,25-01-2021,102.08
100034,27-01-2021,100.59
100034,28-01-2021,100.02
100034,29-01-2021,99.14
100034,01-02-2021,102.36
100034,02-02-2021,104.94
100034,03-02-2021,106.46
100034,04-02-2021,107.36
100034,05-02-2021,107.35
100034,08-02-2021,109.06
100034,09-02-2021,108.88
100034,10-02-2021,109.26
100034,11-02-2021,110.29
100034,12-02-2021,110.97
100034,15-02-2021,112.21
100034,16-02-2021,111.64
100034,17-02-2021,111.4
100034,18-02-2021,111.25
100034,19-02-2021,109.91
100034,22-02-2021,108.26
100034,23-02-2021,108.76
100034,24-02-2021,109.82
100034,25-02-2021,110.51
100034,26-02-2021,108.16
100034,01-03-2021,109.45
100034,02-03-2021,110.86
100034,03-03-2021,112.95
100034,04-03-2021,112.72
100034,05-03-2021,111.04
100034,08-03-2021,111.34
100034,09-03-2021,111.88
100034,10-03-2021,112.95
100034,12-03-2021,112.05
100034,15-03-2021,111.66
100034,16-03-2021,111.7
100034,17-03-2021,109.57
100034,18-03-2021,107.56
100034,19-03-2021,108.45
100034,22-03-2021,108.41
100034,23-03-2021,109.25
100034,24-03-2021,107.21
100034,25-03-2021,105.64
100034,26-03-2021,106.97
100034,30-03-2021,109.06
100034,31-03-2021,108.93
100034,01-04-2021,110.42
100034,05-04-2021,108.69
100034,06-04-2021,109.14
100034,07-04-2021,111.27
100034,08-04-2021,112.25
100034,09-04-2021,112.06
100034,12-04-2021,107.56
100034,13-04-2021,108.13
100034,15-04-2021,107.93
100034,16-04-2021,108.82
100034,19-04-2021,107.52
100034,20-04-2021,107.84
100034,22-04-2021,108.17
100034,23-04-2021,108.11
100034,26-04-2021,109.56
100034,27-04-2021,110.94
100034,28-04-2021,112.32
100034,29-04-2021,112.27
100034,30-04-2021,111.26
100034,03-05-2021,111.21
100034,04-05-2021,110.21
100034,05-05-2021,111.42
100034,06-05-2021,111.88
100034,07-05-2021,111.15
100034,10-05-2021,111.51
100034,11-05-2021,111.16
100034,12-05-2021,110.18
100034,14-05-2021,109.16
100034,17-05-2021,110.89
100034,18-05-2021,112.78
100034,19-05-2021,112.73
100034,20-05-2021,112.31
100034,21-05-2021,113.47
100034,24-05-2021,114.09
100034,25-05-2021,113.92
100034,26-05-2021,114.76
100034,27-05-2021,115.27
100034,28-05-2021,115.08
100034,31-05-2021,115.92
100034,01-06-2021,115.84
100034,02-06-2021,116.51
100034,03-06-2021,117.84
100034,04-06-2021,117.66
100034,07-06-2021,118.21
100034,08-06-2021,118.79
100034,09-06-2021,117.77
100034,10-06-2021,119.51
100034,11-06-2021,119.93
100034,14-06-2021,119.82
100034,15-06-2021,120.89
100034,16-06-2021,120.23
100034,17-06-2021,119.54
100034,18-06-2021,119.04
100034,21-06-2021,119.06
100034,22-06-2021,118.9
100034,23-06-2021,118.59
100034,24-06-2021,119.29
100034,25-06-2021,120.08
100034,28-06-2021,120.49
100034,29-06-2021,119.98
100034,30-06-2021,120.07
100034,01-07-2021,120.08
100034,02-07-2021,121.34
100034,05-07-2021,122.31
100034,06-07-2021,122.24
100034,07-07-2021,122.5
100034,08-07-2021,121.72
100034,09-07-2021,121.99
100034,12-07-2021,122.39
100034,13-07-2021,122.63
100034,14-07-2021,123.44
100034,15-07-2021,124.4
100034,16-07-2021,124.27
100034,19-07-2021,123.59
100034,20-07-2021,122.57
100034,22-07-2021,124.09
100034,23-07-2021,124.17
100034,26-07-2021,123.94
100034,27-07-2021,122.96
100034,28-07-2021,122.59
100034,29-07-2021,124.43
100034,30-07-2021,125.23
100034,02-08-2021,126.66
100034,03-08-2021,127.48
100034,04-08-2021,127.3
100034,05-08-2021,126.89
100034,06-08-2021,126.34
100034,09-08-2021,126.31
100034,10-08-2021,125.81
100034,11-08-2021,125.25
100034,12-08-2021,126.15
100034,13-08-2021,126.48
100034,16-08-2021,126.14
100034,17-08-2021,127.02
100034,18-08-2021,127.35
100034,20-08-2021,125.7
100034,23-08-2021,125.28
100034,24-08-2021,126.39
100034,25-08-2021,126.88
100034,26-08-2021,127.23
100034,27-08-2021,128.47
100034,30-08-2021,123.38
100034,31-08-2021,124.95
100034,01-09-2021,125.24
100034,02-09-2021,126.47
100034,03-09-2021,127.1
100034,06-09-2021,127.66
100034,07-09-2021,127.55
100034,08-09-2021,128.04
100034,09-09-2021,128.41
100034,13-09-2021,128.93
100034,14-09-2021,129.65
100034,15-09-2021,130.79
100034,16-09-2021,131.76
100034,17-09-2021,130.68
100034,20-09-2021,128.4
100034,21-09-2021,129.6
100034,22-09-2021,130.17
100034,23-09-2021,131.91
100034,24-09-2021,131.6
100034,27-09-2021,130.76
100034,28-09-2021,128.9
100034,29-09-2021,129.08
100034,30-09-2021,129.23
100034,01-10-2021,128.92
100034,04-10-2021,131
100034,05-10-2021,131.92
100034,06-10-2021,130.76
100034,07-10-2021,133.23
100034,08-10-2021,134.38
100034,11-10-2021,134.54
100034,12-10-2021,134.6
100034,13-10-2021,135.79
100034,14-10-2021,137.1
100034,18-10-2021,137.93
100034,19-10-2021,136.98
100034,20-10-2021,134.38
100034,21-10-2021,133.37
100034,22-10-2021,132.12
100034,25-10-2021,130.71
100034,26-10-2021,132.73
100034,27-10-2021,132.44
100034,28-10-2021,131.24
100034,29-10-2021,130.96
100034,01-11-2021,133.03
100034,02-11-2021,132.63
100034,03-11-2021,131.94
100034,08-11-2021,133.78
100034,09-11-2021,134.41
100034,10-11-2021,134.11
100034,11-11-2021,133.57
100034,12-11-2021,135.17
100034,15-11-2021,135.63
100034,16-11-2021,135.24
100034,17-11-2021,135.63
100034,18-11-2021,133.38
100034,22-11-2021,129.09
100034,23-11-2021,130.62
100034,24-11-2021,130.35
100034,25-11-2021,131.11
100034,26-11-2021,127.04
100034,29-11-2021,126.82
100034,30-11-2021,127.48
100034,01-12-2021,128.56
100034,02-12-2021,129.72
100034,03-12-2021,128.81
100034,06-12-2021,126.46
100034,07-12-2021,128.25
100034,08-12-2021,130.39
100034,09-12-2021,130.67
100034,10-12-2021,130.69
100034,13-12-2021,130.59
100034,14-12-2021,130.22
100034,15-12-2021,129.34
100034,16-12-2021,129.68
100034,17-12-2021,127.84
100034,20-12-2021,123.46
100034,21-12-2021,125.47
100034,22-12-2021,127.76
100034,23-12-2021,128.8
100034,24-12-2021,128.46
100034,27-12-2021,128.85
100034,28-12-2021,130.13
100034,29-12-2021,129.79
100034,30-12-2021,130.22
100034,31-12-2021,131.85
100034,03-01-2022,134.13
100034,04-01-2022,134.9
100034,05-01-2022,134.89
100034,06-01-2022,134.36
100034,07-01-2022,135.49
100034,10-01-2022,136.18
100034,11-01-2022,136.56
100034,12-01-2022,137.97
100034,13-01-2022,138.25
100034,14-01-2022,138.13
100034,17-01-2022,138.44
100034,18-01-2022,135.83
100034,19-01-2022,134.12
100034,20-01-2022,133.49
100034,21-01-2022,130.46
100034,24-01-2022,125.54
100034,25-01-2022,126.75
100034,27-01-2022,124.28
100034,28-01-2022,125.16
100034,31-01-2022,127.53
100034,01-02-2022,128.78
100034,02-02-2022,130.34
100034,03-02-2022,128.79
100034,04-02-2022,128.72
100034,07-02-2022,127.25
100034,08-02-2022,127.1
100034,09-02-2022,128.82
100034,10-02-2022,129.13
100034,11-02-2022,126.09
100034,14-02-2022,121.79
100034,15-02-2022,125.68
100034,16-02-2022,124.86
100034,17-02-2022,124.24
100034,18-02-2022,123.34
100034,21-02-2022,122.68
100034,22-02-2022,121.94
100034,23-02-2022,122
100034,24-02-2022,115.89
100034,25-02-2022,119.87
100034,28-02-2022,120.86
100034,02-03-2022,119.49
100034,03-03-2022,118.43
100034,04-03-2022,116.29
100034,07-03-2022,113.14
100034,08-03-2022,114.47
100034,09-03-2022,116.44
100034,10-03-2022,117.86
100034,11-03-2022,118.21
100034,14-03-2022,119.01
100034,15-03-2022,117.79
100034,16-03-2022,120.04
100034,17-03-2022,121.58
100034,21-03-2022,120.73
100034,22-03-2022,121.44
100034,23-03-2022,121.44
100034,24-03-2022,121.46
100034,25-03-2022,120.83
100034,28-03-2022,120.53
100034,29-03-2022,121.42
100034,30-03-2022,123.19
100034,31-03-2022,122.67
100034,01-04-2022,123.44
100034,04-04-2022,125.21
100034,05-04-2022,126.11
100034,06-04-2022,125.46
100034,07-04-2022,124.78
100034,08-04-2022,125.92
100034,11-04-2022,125.46
100034,12-04-2022,123.87
100034,13-04-2022,123.85
100034,18-04-2022,122.11
100034,19-04-2022,120.92
100034,20-04-2022,120.83
100034,21-04-2022,122.23
100034,22-04-2022,120.6
100034,25-04-2022,118.64
100034,26-04-2022,119.78
100034,27-04-2022,118.28
100034,28-04-2022,119.42
100034,29-04-2022,118.19
100034,02-05-2022,117.37
100034,04-05-2022,114.34
100034,05-05-2022,114.53
100034,06-05-2022,111.54
100034,09-05-2022,109.88
100034,10-05-2022,107.89
100034,11-05-2022,107.58
100034,12-05-2022,105.79
100034,13-05-2022,105.59
100034,16-05-2022,105.93
100034,17-05-2022,108.72
100034,18-05-2022,108.8
100034,19-05-2022,105.72
100034,20-05-2022,108.17
100034,23-05-2022,107.32
100034,24-05-2022,106.31
100034,25-05-2022,104.49
100034,26-05-2022,105.4
100034,27-05-2022,106.97
100034,30-05-2022,109.56
100034,31-05-2022,109.01
100034,01-06-2022,108.67
100034,02-06-2022,109.3
100034,03-06-2022,108.24
100034,06-06-2022,107.61
100034,07-06-2022,106.49
100034,08-06-2022,105.83
100034,09-06-2022,106.59
100034,10-06-2022,105.25
100034,13-06-2022,102.33
100034,14-06-2022,102.15
100034,15-06-2022,102.51
100034,16-06-2022,100.31
100034,17-06-2022,99.86
100034,20-06-2022,99.63
100034,21-06-2022,101.6
100034,22-06-2022,100.14
100034,23-06-2022,101.31
100034,24-06-2022,102.51
100034,27-06-2022,103.51
100034,28-06-2022,103.56
100034,29-06-2022,103.02
100034,30-06-2022,102.91
100034,01-07-2022,102.61
100034,04-07-2022,103.4
100034,05-07-2022,103.13
100034,06-07-2022,104.67
100034,07-07-2022,105.62
100034,08-07-2022,106.11
100034,11-07-2022,106.41
100034,12-07-2022,105.53
100034,13-07-2022,105.85
100034,14-07-2022,105.17
100034,15-07-2022,105.76
100034,18-07-2022,107.49
100034,19-07-2022,107.93
100034,20-07-2022,108.72
100034,21-07-2022,109.81
100034,22-07-2022,110.32
100034,25-07-2022,110.17
100034,26-07-2022,108.8
100034,27-07-2022,109.84
100034,28-07-2022,111.29
100034,29-07-2022,113.05
100034,01-08-2022,114.36
100034,02-08-2022,114.2
100034,03-08-2022,114.31
100034,04-08-2022,114.45
100034,05-08-2022,114.67
100034,08-08-2022,115.15
100034,10-08-2022,115.08
100034,11-08-2022,116.29
100034,12-08-2022,116.7
100034,16-08-2022,117.52
100034,17-08-2022,118.37
100034,18-08-2022,118.45
100034,19-08-2022,117.06
100034,22-08-2022,115.01
100034,23-08-2022,115.55
100034,24-08-2022,115.87
100034,25-08-2022,115.85
100034,26-08-2022,109.03
100034,29-08-2022,107.63
100034,30-08-2022,110.16
100034,01-09-2022,109.96
100034,02-09-2022,109.62
100034,05-09-2022,109.83
100034,06-09-2022,109.87
100034,07-09-2022,110.09
100034,08-09-2022,111.11
100034,09-09-2022,111.48
100034,12-09-2022,112.77
100034,13-09-2022,113.5
100034,14-09-2022,113
100034,15-09-2022,112.71
100034,16-09-2022,110.05
100034,19-09-2022,109.91
100034,20-09-2022,111.3
100034,21-09-2022,110.68
100034,22-09-2022,110.54
100034,23-09-2022,108.54
100034,26-09-2022,106.38
100034,27-09-2022,106.63
100034,28-09-2022,105.88
100034,29-09-2022,105.9
100034,30-09-2022,107.35
100034,03-10-2022,105.91
100034,04-10-2022,108.13
100034,06-10-2022,109.04
100034,07-10-2022,108.65
100034,10-10-2022,108.03
100034,11-10-2022,106.36
100034,12-10-2022,107.04
100034,13-10-2022,106.22
100034,14-10-2022,106.77
100034,17-10-2022,107.51
100034,18-10-2022,108.53
100034,19-10-2022,108.71
100034,20-10-2022,108.66
100034,21-10-2022,108.74
100034,25-10-2022,109.61
100034,27-10-2022,109.66
100034,28-10-2022,108.81
100034,31-10-2022,110.12
100034,01-11-2022,111.07
100034,02-11-2022,110.81
100034,03-11-2022,110.68
100034,04-11-2022,110.52
100034,07-11-2022,110.83
100034,09-11-2022,110.21
100034,10-11-2022,109.15
100034,11-11-2022,110.31
100034,14-11-2022,110.31
100034,15-11-2022,110.62
100034,16-11-2022,109.97
100034,17-11-2022,109.63
100034,18-11-2022,109.38
100034,21-11-2022,108.87
100034,22-11-2022,108.99
100034,23-11-2022,109.31
100034,24-11-2022,110.29
100034,25-11-2022,110.51
100034,28-11-2022,111.04
100034,29-11-2022,110.99
100034,30-11-2022,111.4
100034,01-12-2022,112.28
100034,02-12-2022,112.53
100034,05-12-2022,112.35
100034,06-12-2022,111.55
100034,07-12-2022,110.97
100034,08-12-2022,111.32
100034,09-12-2022,110.61
100034,12-12-2022,110.57
100034,13-12-2022,110.95
100034,14-12-2022,111.59
100034,15-12-2022,110.28
100034,16-12-2022,108.99
100034,19-12-2022,109.49
100034,20-12-2022,109.41
100034,21-12-2022,108.18
100034,22-12-2022,107.73
100034,23-12-2022,105.04
100034,26-12-2022,106.93
100034,27-12-2022,107.69
100034,28-12-2022,107.67
100034,29-12-2022,107.87
100034,30-12-2022,107.71
100034,02-01-2023,107.99
100034,03-01-2023,108.23
100034,04-01-2023,107.19
100034,05-01-2023,106.71
100034,06-01-2023,106.01
100034,09-01-2023,106.78
100034,10-01-2023,106.14
100034,11-01-2023,105.83
100034,12-01-2023,105.52
100034,13-01-2023,105.58
100034,16-01-2023,105.08
100034,17-01-2023,105.29
100034,18-01-2023,105.73
100034,19-01-2023,105.46
100034,20-01-2023,104.87
100034,23-01-2023,105.14
100034,24-01-2023,105.03
100034,25-01-2023,103.7
100034,27-01-2023,102.1
100034,30-01-2023,102.48
100034,31-01-2023,103.31
100034,01-02-2023,103.05
100034,02-02-2023,103.54
100034,03-02-2023,103.81
100034,06-02-2023,104.15
100034,07-02-2023,104.1
100034,08-02-2023,105.38
100034,09-02-2023,105.6
100034,10-02-2023,105.86
100034,13-02-2023,104.76
100034,14-02-2023,104.99
100034,15-02-2023,105.6
100034,16-02-2023,106.6
100034,17-02-2023,105.95
100034,20-02-2023,105.89
100034,21-02-2023,105.68
100034,22-02-2023,104.31
100034,23-02-2023,104.23
100034,24-02-2023,103.96
100034,27-02-2023,103.15
100034,28-02-2023,103.14
100034,01-03-2023,104.13
100034,02-03-2023,103.63
100034,03-03-2023,104.6
100034,06-03-2023,105.18
100034,08-03-2023,105
100034,09-03-2023,104.31
100034,10-03-2023,103.12
100034,13-03-2023,101.3
100034,14-03-2023,101
100034,15-03-2023,100.82
100034,16-03-2023,100.63
100034,17-03-2023,101.31
100034,20-03-2023,100.45
100034,21-03-2023,101.25
100034,22-03-2023,101.58
100034,23-03-2023,101.15
100034,24-03-2023,100.47
100034,27-03-2023,100.28
100034,28-03-2023,100.12
100034,29-03-2023,101.19
100034,31-03-2023,102.92
100034,03-04-2023,102.93
100034,05-04-2023,103.42
100034,06-04-2023,103.48
100034,10-04-2023,103.54
100034,11-04-2023,104.01
100034,12-04-2023,104.64
100034,13-04-2023,104.83
100034,17-04-2023,104.59
100034,18-04-2023,104.76
100034,19-04-2023,104.53
100034,20-04-2023,104.43
100034,21-04-2023,104.01
100034,24-04-2023,104.59
100034,25-04-2023,104.82
100034,26-04-2023,105.13
100034,27-04-2023,105.78
100034,28-04-2023,106.72
100034,02-05-2023,107.45
100034,03-05-2023,107.44
100034,04-05-2023,108.46
100034,05-05-2023,107.94
100034,08-05-2023,109.01
100034,09-05-2023,109.04
100034,10-05-2023,109.07
100034,11-05-2023,109.32
100034,12-05-2023,109.53
100034,15-05-2023,109.99
100034,16-05-2023,110.14
100034,17-05-2023,109.78
100034,18-05-2023,109.52
100034,19-05-2023,109.7
100034,22-05-2023,109.99
100034,23-05-2023,110.08
100034,24-05-2023,109.91
100034,25-05-2023,110.19
100034,26-05-2023,111.04
100034,29-05-2023,111.45
100034,30-05-2023,111.75
100034,31-05-2023,112.06
100034,01-06-2023,111.88
100034,02-06-2023,112.52
100034,05-06-2023,113.09
100034,06-06-2023,113.17
100034,07-06-2023,114.02
100034,08-06-2023,113.36
100034,09-06-2023,113.25
100034,12-06-2023,113.45
100034,13-06-2023,114.39
100034,14-06-2023,114.56
100034,15-06-2023,114.47
100034,16-06-2023,115.74
100034,19-06-2023,115.53
100034,20-06-2023,115.98
100034,21-06-2023,116.18
100034,22-06-2023,115.23
100034,23-06-2023,114.08
100034,26-06-2023,114.54
100034,27-06-2023,115.17
100034,28-06-2023,115.89
100034,30-06-2023,116.91
100034,03-07-2023,117.13
100034,04-07-2023,117.08
100034,05-07-2023,117.29
100034,06-07-2023,117.69
100034,07-07-2023,117.07
100034,10-07-2023,116.89
100034,11-07-2023,117.77
100034,12-07-2023,117.95
100034,13-07-2023,117.99
100034,14-07-2023,118.92
100034,17-07-2023,119.65
100034,18-07-2023,119.78
100034,19-07-2023,120.42
100034,20-07-2023,120.73
100034,21-07-2023,119.87
100034,24-07-2023,119.65
100034,25-07-2023,120.15
100034,26-07-2023,120.3
100034,27-07-2023,120
100034,28-07-2023,120.26
100034,31-07-2023,121.39
100034,01-08-2023,121.58
100034,02-08-2023,120.06
100034,03-08-2023,119.51
100034,04-08-2023,120.3
100034,07-08-2023,120.8
100034,08-08-2023,121.21
100034,09-08-2023,121.93
100034,10-08-2023,121.52
100034,11-08-2023,121.22
100034,14-08-2023,120.74
100034,16-08-2023,120.8
100034,17-08-2023,120.81
100034,18-08-2023,120.34
100034,21-08-2023,120.96
100034,22-08-2023,121.86
100034,23-08-2023,122.43
100034,24-08-2023,122.69
100034,25-08-2023,113.44
100034,28-08-2023,113.76
100034,29-08-2023,114.27
100034,30-08-2023,114.95
100034,31-08-2023,115.17
100034,01-09-2023,116.02
100034,04-09-2023,116.51
100034,05-09-2023,117.39
100034,06-09-2023,117.49
100034,07-09-2023,117.73
100034,08-09-2023,118.38
100034,11-09-2023,119.28
100034,12-09-2023,116.74
100034,13-09-2023,117
100034,14-09-2023,117.86
100034,15-09-2023,118.24
100034,18-09-2023,117.78
100034,20-09-2023,116.98
100034,21-09-2023,115.65
100034,22-09-2023,115.25
100034,25-09-2023,115.41
100034,26-09-2023,115.57
100034,27-09-2023,116.22
100034,29-09-2023,115.74
100034,03-10-2023,115.96
100034,04-10-2023,114.8
100034,05-10-2023,115.18
100034,06-10-2023,116.05
100034,09-10-2023,114.58
100034,10-10-2023,115.7
100034,11-10-2023,116.39
100034,12-10-2023,116.6
100034,13-10-2023,116.43
100034,16-10-2023,116.56
100034,17-10-2023,116.85
100034,18-10-2023,115.93
100034,19-10-2023,115.75
100034,20-10-2023,114.86
100034,23-10-2023,112.43
100034,25-10-2023,111.63
100034,26-10-2023,110.23
100034,27-10-2023,111.76
100034,30-10-2023,111.72
100034,31-10-2023,111.34
100034,01-11-2023,110.95
100034,02-11-2023,112.06
100034,03-11-2023,112.9
100034,06-11-2023,114.25
100034,07-11-2023,114.66
100034,08-11-2023,114.99
100034,09-11-2023,114.71
100034,10-11-2023,114.92
100034,13-11-2023,115.38
100034,15-11-2023,116.45
100034,16-11-2023,117.06
100034,17-11-2023,117.03
100034,20-11-2023,116.97
100034,21-11-2023,117.46
100034,22-11-2023,117.35
100034,23-11-2023,117.64
100034,24-11-2023,117.76
100034,28-11-2023,118.1
100034,29-11-2023,119.17
100034,30-11-2023,119.89
100034,01-12-2023,120.68
100034,04-12-2023,122.4
100034,05-12-2023,122.79
100034,06-12-2023,123.23
100034,07-12-2023,123.23
100034,08-12-2023,123.23
100034,11-12-2023,123.98
100034,12-12-2023,123.54
100034,13-12-2023,124.36
100034,14-12-2023,125.65
100034,15-12-2023,126.24
100034,18-12-2023,126.43
100034,19-12-2023,126.44
100034,20-12-2023,123.35
100034,21-12-2023,124.39
100034,22-12-2023,124.99
100034,26-12-2023,125.39
100034,27-12-2023,126.14
100034,28-12-2023,126.69
100034,29-12-2023,127.26
100034,01-01-2024,127.39
100034,02-01-2024,126.55
100034,03-01-2024,126.54
100034,04-01-2024,127.88
100034,05-01-2024,128.16
100034,08-01-2024,127.27
100034,09-01-2024,127.45
100034,10-01-2024,127.72
100034,11-01-2024,128.01
100034,12-01-2024,128.92
100034,15-01-2024,129.45
100034,16-01-2024,129.04
100034,17-01-2024,127.14
100034,18-01-2024,126.52
100034,19-01-2024,127.58
100034,23-01-2024,124.9
100034,24-01-2024,126.34
100034,25-01-2024,125.93
100034,29-01-2024,127.41
100034,30-01-2024,126.58
100034,31-01-2024,128.2
100034,01-02-2024,127.47
100034,02-02-2024,128.21
100034,05-02-2024,127.37
100034,06-02-2024,128.18
100034,07-02-2024,128.62
100034,08-02-2024,127.69
100034,09-02-2024,127.37
100034,12-02-2024,125.26
100034,13-02-2024,125.98
100034,14-02-2024,126.79
100034,15-02-2024,127.81
100034,16-02-2024,128.69
100034,19-02-2024,128.99
100034,20-02-2024,129.06
100034,21-02-2024,128.39
100034,22-02-2024,129.29
100034,23-02-2024,129.96
100034,26-02-2024,129.54
100034,27-02-2024,129.7
100034,28-02-2024,128.03
100034,29-02-2024,128.55
100034,01-03-2024,129.91
100034,04-03-2024,130.28
100034,05-03-2024,129.96
100034,06-03-2024,129.43
100034,07-03-2024,129.91
100034,11-03-2024,129.54
100034,12-03-2024,128.46
100034,13-03-2024,124.38
100034,14-03-2024,125.94
100034,15-03-2024,125.3
100034,18-03-2024,125.47
100034,19-03-2024,124.33
100034,20-03-2024,124.47
100034,21-03-2024,126.67
100034,22-03-2024,127.22
100034,26-03-2024,127.89
100034,27-03-2024,128.5
100034,28-03-2024,129.45
100034,31-03-2024,129.43
100034,01-04-2024,131.24
100034,02-04-2024,131.91
100034,03-04-2024,132.15
100034,04-04-2024,132.28
100034,05-04-2024,132.66
100034,08-04-2024,133.37
100034,09-04-2024,132.96
100034,10-04-2024,133.97
100034,12-04-2024,133.14
100034,15-04-2024,131.63
100034,16-04-2024,131.3
100034,18-04-2024,130.84
100034,19-04-2024,131.22
100034,22-04-2024,132.36
100034,23-04-2024,132.82
100034,24-04-2024,133.59
100034,25-04-2024,134.41
100034,26-04-2024,134.35
100034,29-04-2024,135.3
100034,30-04-2024,135.82
100034,02-05-2024,136.56
100034,03-05-2024,135.91
100034,06-05-2024,134.97
100034,07-05-2024,133.18
100034,08-05-2024,134.09
100034,09-05-2024,131.89
100034,10-05-2024,132.41
100034,13-05-2024,132.46
100034,14-05-2024,133.58
100034,15-05-2024,134.24
100034,16-05-2024,135.76
100034,17-05-2024,136.93
100034,21-05-2024,137.74
100034,22-05-2024,137.95
100034,23-05-2024,139.37
100034,24-05-2024,139.81
100034,27-05-2024,139.91
100034,28-05-2024,138.96
100034,29-05-2024,138.54
100034,30-05-2024,137.28
100034,31-05-2024,137.45
100034,03-06-2024,142.16
100034,04-06-2024,131.72
100034,05-06-2024,136.16
100034,06-06-2024,138.77
100034,07-06-2024,141.28
100034,10-06-2024,141.48
100034,11-06-2024,142.03
100034,12-06-2024,143.03
100034,13-06-2024,144.19
100034,14-06-2024,145.69
100034,18-06-2024,146.81
100034,19-06-2024,145.65
100034,20-06-2024,146.26
100034,21-06-2024,145.93
100034,24-06-2024,146.44
100034,25-06-2024,147.05
100034,26-06-2024,147.22
100034,27-06-2024,147.43
100034,28-06-2024,147.44
100034,01-07-2024,148.83
100034,02-07-2024,148.39
100034,03-07-2024,149.32
100034,04-07-2024,149.96
100034,05-07-2024,150.15
100034,08-07-2024,150.04
100034,09-07-2024,150.48
100034,10-07-2024,150.19
100034,11-07-2024,150.51
100034,12-07-2024,150.61
100034,15-07-2024,151.23
100034,16-07-2024,151.32
100034,18-07-2024,150.82
100034,19-07-2024,148.05
100034,22-07-2024,149.21
100034,23-07-2024,148.57
100034,24-07-2024,149.74
100034,25-07-2024,149.77
100034,26-07-2024,152.1
100034,29-07-2024,152.78
100034,30-07-2024,153.46
100034,31-07-2024,153.71
100034,01-08-2024,152.99
100034,02-08-2024,151.39
100034,05-08-2024,146.47
100034,06-08-2024,146.12
100034,07-08-2024,148.54
100034,08-08-2024,147.57
100034,09-08-2024,148.82
100034,12-08-2024,149.42
100034,13-08-2024,148.03
100034,14-08-2024,147.8
100034,16-08-2024,150.16
100034,19-08-2024,150.74
100034,20-08-2024,151.85
100034,21-08-2024,152.89
100034,22-08-2024,153.7
100034,23-08-2024,153.96
100034,26-08-2024,144.14
100034,27-08-2024,144.58
100034,28-08-2024,144.57
100034,29-08-2024,143.89
100034,30-08-2024,145.13
100034,02-09-2024,145.25
100034,03-09-2024,145.44
100034,04-09-2024,145.21
100034,05-09-2024,145.77
100034,06-09-2024,143.89
100034,09-09-2024,143.53
100034,10-09-2024,144.37
100034,11-09-2024,143.5
100034,12-09-2024,145.48
100034,13-09-2024,146.05
100034,16-09-2024,146.06
100034,17-09-2024,146.08
100034,18-09-2024,145.37
100034,19-09-2024,145.5
100034,20-09-2024,147.01
100034,23-09-2024,147.9
100034,24-09-2024,148.32
100034,25-09-2024,147.83
100034,26-09-2024,148.19
100034,27-09-2024,149.02
100034,30-09-2024,148.01
100034,01-10-2024,148.05
100034,03-10-2024,144.93
100034,04-10-2024,143.62
100034,07-10-2024,140.88
100034,08-10-2024,142.99
100034,09-10-2024,143.99
100034,10-10-2024,143.51
100034,11-10-2024,143.61
100034,14-10-2024,143.97
100034,15-10-2024,144.48
100034,16-10-2024,144.38
100034,17-10-2024,142.52
100034,18-10-2024,143.04
100034,21-10-2024,141.14
100034,22-10-2024,138.4
100034,23-10-2024,138.65
100034,24-10-2024,138.64
100034,25-10-2024,136.12
100034,28-10-2024,136.44
100034,29-10-2024,137.57
100034,30-10-2024,137.32
100034,31-10-2024,137.25
100034,04-11-2024,136.39
100034,05-11-2024,136.79
100034,06-11-2024,138.95
100034,07-11-2024,138.07
100034,08-11-2024,136.6
100034,11-11-2024,136.27
100034,12-11-2024,134.88
100034,13-11-2024,132.01
100034,14-11-2024,132.36
100034,18-11-2024,131.89
100034,19-11-2024,132.58
100034,21-11-2024,131.95
100034,22-11-2024,134.01
100034,25-11-2024,136.21
100034,26-11-2024,136.38
100034,27-11-2024,137.08
100034,28-11-2024,136.58
100034,29-11-2024,137.49
100034,02-12-2024,138.43
100034,03-12-2024,139.99
100034,04-12-2024,140.85
100034,05-12-2024,141.29
100034,06-12-2024,141.68
100034,09-12-2024,141.93
100034,10-12-2024,142.5
100034,11-12-2024,142.74
100034,12-12-2024,142.16
100034,13-12-2024,142.67
100034,16-12-2024,142.82
100034,17-12-2024,140.97
100034,18-12-2024,139.92
100034,19-12-2024,138.89
100034,20-12-2024,136.5
100034,23-12-2024,136.83
100034,24-12-2024,137.11
100034,26-12-2024,137.16
100034,27-12-2024,137.21
100034,30-12-2024,136.77
100034,31-12-2024,137.05
100034,01-01-2025,137.81
100034,02-01-2025,139.77
100034,03-01-2025,139.47
100034,06-01-2025,136.44
100034,07-01-2025,137.11
100034,08-01-2025,136.05
100034,09-01-2025,134.81
100034,10-01-2025,132.59
100034,13-01-2025,128.25
100034,14-01-2025,129.95
100034,15-01-2025,130.54
100034,16-01-2025,131.82
100034,17-01-2025,131.57
100034,20-01-2025,132.08
100034,21-01-2025,129.69
100034,22-01-2025,128.61
100034,23-01-2025,129.92
100034,24-01-2025,128.11
100034,27-01-2025,124.88
100034,28-01-2025,125.26
100034,29-01-2025,127.71
100034,30-01-2025,127.5
100034,31-01-2025,129.19
100034,03-02-2025,128.11
100034,04-02-2025,129.64
100034,05-02-2025,129.92
100034,06-02-2025,128.97
100034,07-02-2025,128.86
100034,10-02-2025,127.09
100034,11-02-2025,124.22
100034,12-02-2025,124.04
100034,13-02-2025,124.24
100034,14-02-2025,121.92
100034,17-02-2025,122
100034,18-02-2025,121.74
100034,19-02-2025,122.87
100034,20-02-2025,123.93
100034,21-02-2025,123.15
100034,24-02-2025,121.56
100034,25-02-2025,121.07
100034,27-02-2025,120.54
100034,28-02-2025,118.06
100034,03-03-2025,118.56
100034,04-03-2025,119.19
100034,05-03-2025,121.49
100034,06-03-2025,122.76
100034,07-03-2025,122.46
100034,10-03-2025,121.14
100034,11-03-2025,121.49
100034,12-03-2025,121.12
100034,13-03-2025,120.37
100034,17-03-2025,121.14
100034,18-03-2025,123.51
100034,19-03-2025,124.99
100034,20-03-2025,126.31
100034,21-03-2025,127.7
100034,24-03-2025,129.1
100034,25-03-2025,128.27
100034,26-03-2025,127.52
100034,27-03-2025,128.59
100034,28-03-2025,128.06
100034,31-03-2025,128.04
100034,01-04-2025,126.58
100034,02-04-2025,127.45
100034,03-04-2025,127.32
100034,04-04-2025,124.12
100034,07-04-2025,119.68
100034,08-04-2025,122.08
100034,09-04-2025,120.98
100034,11-04-2025,123.03
100034,15-04-2025,126.59
100034,16-04-2025,127.47
100034,17-04-2025,129.12
100034,21-04-2025,131.12
100034,22-04-2025,131.26
100034,23-04-2025,132.01
100034,24-04-2025,131.94
100034,25-04-2025,129.62
100034,28-04-2025,131.01
100034,29-04-2025,131.52
100034,30-04-2025,130.54
100034,02-05-2025,130.45
100034,05-05-2025,132.01
100034,06-05-2025,130.31
100034,07-05-2025,131.71
100034,08-05-2025,130.36
100034,09-05-2025,129.81
100034,12-05-2025,134.07
100034,13-05-2025,133.51
100034,14-05-2025,134.58
100034,15-05-2025,136.02
100034,16-05-2025,136.59
100034,19-05-2025,136.79
100034,20-05-2025,134.85
100034,21-05-2025,136.04
100034,22-05-2025,135.62
100034,23-05-2025,136.34
100034,26-05-2025,137.2
100034,27-05-2025,136.98
100034,28-05-2025,137.26
100034,29-05-2025,137.72
100034,30-05-2025,137.16
100034,02-06-2025,137.26
100034,03-06-2025,136.83
100034,04-06-2025,137.71
100034,05-06-2025,138.64
100034,06-06-2025,140.2
100034,09-06-2025,141.11
100034,10-06-2025,141.03
100034,11-06-2025,141.13
100034,12-06-2025,139.38
100034,13-06-2025,138.54
100034,16-06-2025,139.47
100034,17-06-2025,138.72
100034,18-06-2025,138.76
100034,19-06-2025,137.25
100034,20-06-2025,138.79
100034,23-06-2025,138.57
100034,24-06-2025,139.49
100034,25-06-2025,140.6
100034,26-06-2025,141.91
100034,27-06-2025,142.57
100034,30-06-2025,142.5
100034,01-07-2025,142.07
100034,02-07-2025,141.72
100034,03-07-2025,141.67
100034,04-07-2025,141.94
100034,07-07-2025,141.4
100034,08-07-2025,141.83
100034,09-07-2025,141.93
100034,10-07-2025,141.52
100034,11-07-2025,140.56
100034,14-07-2025,140.76
100034,15-07-2025,141.74
100034,16-07-2025,141.81
100034,17-07-2025,141.65
100034,18-07-2025,140.8
100034,21-07-2025,141.41
100034,22-07-2025,141.16
100034,23-07-2025,141.81
100034,24-07-2025,141.25
100034,25-07-2025,139.34
100034,28-07-2025,138.21
100034,29-07-2025,138.9
100034,30-07-2025,139.12
100034,31-07-2025,138.34
100034,01-08-2025,136.75
100034,04-08-2025,137.81
100034,05-08-2025,137.69
100034,06-08-2025,136.65
100034,07-08-2025,136.98
100034,08-08-2025,135.6
100034,11-08-2025,136.12
100034,12-08-2025,135.83
100034,13-08-2025,136.89
100034,14-08-2025,137.12
100034,18-08-2025,138.85
100034,19-08-2025,139.76
100034,20-08-2025,140.51
100034,21-08-2025,140.67
100034,22-08-2025,139.73
100034,25-08-2025,140.05
100034,26-08-2025,138.2
100034,28-08-2025,137.05
100034,29-08-2025,136.33
100034,01-09-2025,138.14
100034,02-09-2025,138.3
100034,03-09-2025,138.93
100034,04-09-2025,138.52
100034,05-09-2025,138.28
100034,08-09-2025,138.87
100034,09-09-2025,139.15
100034,10-09-2025,139.89
100034,11-09-2025,139.81
100034,12-09-2025,140.28
100034,15-09-2025,140.84
100034,16-09-2025,141.74
100034,17-09-2025,142.02
100034,18-09-2025,142.49
100034,19-09-2025,142.23
100034,22-09-2025,141.24
100034,23-09-2025,141.41
100034,24-09-2025,140.31
100034,25-09-2025,139.5
100034,26-09-2025,137.26
100034,30-09-2025,137.87
100034,01-10-2025,138.57
100034,03-10-2025,139.24
100034,06-10-2025,140.05
100034,07-10-2025,140.25
100034,08-10-2025,139.46
100034,09-10-2025,140.1
100034,10-10-2025,140.52
100034,13-10-2025,140.17
100034,14-10-2025,139.76
100034,15-10-2025,141.25
100034,16-10-2025,142.28
100034,17-10-2025,142.07
100034,20-10-2025,142.54
100034,23-10-2025,142.76
100034,24-10-2025,142.44
100034,27-10-2025,143.11
100034,28-10-2025,143.13
100034,29-10-2025,143.86
100034,30-10-2025,143.34
100034,31-10-2025,142.61
100034,03-11-2025,143.37
100034,04-11-2025,142.85
100034,06-11-2025,141.75
100034,07-11-2025,141.92
100034,10-11-2025,142.21
100034,11-11-2025,142.25
100034,12-11-2025,142.79
100034,13-11-2025,142.45
100034,14-11-2025,142.27
100034,17-11-2025,143.03
100034,18-11-2025,142.09
100034,19-11-2025,142.68
100034,20-11-2025,142.77
100034,21-11-2025,141.43
100034,24-11-2025,132.18
100034,25-11-2025,132.3
100034,26-11-2025,134.1
100034,27-11-2025,134.14
100034,28-11-2025,134.04
100034,01-12-2025,134.01
100034,02-12-2025,133.59
100034,03-12-2025,132.72
100034,04-12-2025,133
100034,05-12-2025,133.37
100034,08-12-2025,131.46
100034,09-12-2025,131.53
100034,10-12-2025,131.14
100034,11-12-2025,131.74
100034,12-12-2025,132.84
100034,15-12-2025,132.86
100034,16-12-2025,132.11
100034,17-12-2025,131.79
100034,18-12-2025,131.83
100034,19-12-2025,132.87
100034,22-12-2025,133.73
100034,23-12-2025,133.69
100034,24-12-2025,133.28
100034,26-12-2025,132.79
100034,29-12-2025,132.43
100034,30-12-2025,132.16
